200810,A032830,
200810,A005930,1.22
200810,A005380,2.15
200810,A034730,
200810,A000880,2.60
200810,A003550,1.76
200810,A088350,
200810,A066570,0.47
200810,A009540,2.51
200810,A000150,1.04
200810,A034020,0.79
200810,A010140,2.21
200810,A000270,
200810,A096770,2.79
200810,A011810,1.83
200810,A000810,1.88
200810,A078930,1.86
200810,A017670,4.50
200810,A002990,2.71
200810,A003490,
200810,A034220,2.38
200810,A023530,0.60
200810,A000660,
200810,A029780,1.63
200810,A042670,1.03
200810,A016360,1.73
200810,A004020,1.33
200810,A004170,0.26
200810,A012330,1.58
200810,A001040,3.75
200811,A032830,
200811,A005930,1.22
200811,A005380,2.15
200811,A034730,
200811,A000880,2.60
200811,A003550,1.76
200811,A088350,
200811,A066570,0.47
200811,A009540,2.51
200811,A000150,1.04
200811,A034020,0.79
200811,A010140,2.21
200811,A000270,
200811,A096770,2.79
200811,A011810,1.83
200811,A000810,1.88
200811,A078930,1.86
200811,A017670,4.50
200811,A002990,2.71
200811,A003490,
200811,A034220,2.38
200811,A023530,0.60
200811,A000660,
200811,A029780,1.63
200811,A042670,1.03
200811,A016360,1.73
200811,A004020,1.33
200811,A004170,0.26
200811,A012330,1.58
200811,A001040,3.75
200812,A032830,
200812,A005930,1.22
200812,A005380,2.15
200812,A034730,
200812,A000880,2.60
200812,A003550,1.76
200812,A088350,
200812,A066570,0.47
200812,A009540,2.51
200812,A000150,1.04
200812,A034020,0.79
200812,A010140,2.21
200812,A000270,
200812,A096770,2.79
200812,A011810,1.83
200812,A000810,1.88
200812,A078930,1.86
200812,A017670,4.50
200812,A002990,2.71
200812,A003490,
200812,A034220,2.38
200812,A023530,0.60
200812,A000660,
200812,A029780,1.63
200812,A042670,1.03
200812,A016360,1.73
200812,A004020,1.33
200812,A004170,0.26
200812,A012330,1.58
200812,A001040,3.75
200901,A032830,
200901,A005930,1.00
200901,A005380,0.95
200901,A034730,0.74
200901,A000880,1.26
200901,A003550,1.38
200901,A088350,
200901,A066570,1.44
200901,A009540,2.02
200901,A000150,2.62
200901,A034020,0.62
200901,A010140,2.07
200901,A000270,1.25
200901,A096770,1.79
200901,A011810,
200901,A000810,1.88
200901,A078930,2.96
200901,A017670,5.55
200901,A003490,
200901,A034220,1.27
200901,A023530,0.36
200901,A000660,
200901,A016360,1.73
200901,A004020,0.58
200901,A012330,0.73
200901,A005490,1.29
200901,A030200,5.12
200901,A042660,2.86
200901,A005830,2.93
200901,A029780,2.09
200902,A032830,
200902,A005930,1.00
200902,A005380,0.95
200902,A034730,0.74
200902,A000880,1.26
200902,A003550,1.38
200902,A088350,
200902,A066570,1.44
200902,A009540,2.02
200902,A000150,2.62
200902,A034020,0.62
200902,A010140,2.07
200902,A000270,1.25
200902,A096770,1.79
200902,A011810,
200902,A000810,1.88
200902,A078930,2.96
200902,A017670,5.55
200902,A003490,
200902,A034220,1.27
200902,A023530,0.36
200902,A000660,
200902,A016360,1.73
200902,A004020,0.58
200902,A012330,0.73
200902,A005490,1.29
200902,A030200,5.12
200902,A042660,2.86
200902,A005830,2.93
200902,A029780,2.09
200903,A032830,
200903,A005930,1.00
200903,A005380,0.95
200903,A034730,0.74
200903,A000880,1.26
200903,A003550,1.38
200903,A088350,
200903,A066570,1.44
200903,A009540,2.02
200903,A000150,2.62
200903,A034020,0.62
200903,A010140,2.07
200903,A000270,1.25
200903,A096770,1.79
200903,A011810,
200903,A000810,1.88
200903,A078930,2.96
200903,A017670,5.55
200903,A003490,
200903,A034220,1.27
200903,A023530,0.36
200903,A000660,
200903,A016360,1.73
200903,A004020,0.58
200903,A012330,0.73
200903,A005490,1.29
200903,A030200,5.12
200903,A042660,2.86
200903,A005830,2.93
200903,A029780,2.09
200904,A032830,
200904,A005930,1.00
200904,A005380,0.95
200904,A034730,0.74
200904,A000880,1.26
200904,A003550,1.38
200904,A088350,1.14
200904,A066570,1.44
200904,A009540,2.02
200904,A000150,2.62
200904,A034020,0.62
200904,A010140,2.07
200904,A000270,1.25
200904,A096770,1.79
200904,A011810,
200904,A000810,1.65
200904,A078930,2.96
200904,A017670,5.55
200904,A003490,
200904,A034220,1.27
200904,A023530,0.36
200904,A000660,
200904,A016360,1.64
200904,A004020,0.58
200904,A012330,0.73
200904,A005490,1.29
200904,A030200,5.12
200904,A042660,2.86
200904,A005830,2.32
200904,A029780,2.09
200905,A032830,
200905,A005930,1.00
200905,A005380,0.95
200905,A034730,0.74
200905,A000880,1.26
200905,A003550,1.38
200905,A088350,1.14
200905,A066570,1.44
200905,A009540,2.02
200905,A000150,2.62
200905,A034020,0.62
200905,A010140,2.07
200905,A000270,1.25
200905,A096770,1.79
200905,A011810,
200905,A000810,1.65
200905,A078930,2.96
200905,A017670,5.55
200905,A003490,
200905,A034220,1.27
200905,A023530,0.36
200905,A000660,
200905,A016360,1.64
200905,A004020,0.58
200905,A012330,0.73
200905,A005490,1.29
200905,A030200,5.12
200905,A042660,2.86
200905,A005830,2.32
200905,A029780,2.09
200906,A032830,
200906,A005930,1.00
200906,A005380,0.95
200906,A034730,0.74
200906,A000880,1.26
200906,A003550,1.38
200906,A088350,1.14
200906,A066570,1.44
200906,A009540,2.02
200906,A000150,2.62
200906,A034020,0.62
200906,A010140,2.07
200906,A000270,1.25
200906,A096770,1.79
200906,A011810,
200906,A000810,1.65
200906,A078930,2.96
200906,A017670,5.55
200906,A003490,
200906,A034220,1.27
200906,A023530,0.36
200906,A000660,
200906,A016360,1.64
200906,A004020,0.58
200906,A012330,0.73
200906,A005490,1.29
200906,A030200,5.12
200906,A042660,2.86
200906,A005830,2.32
200906,A029780,2.09
200907,A032830,
200907,A005930,1.00
200907,A005380,0.95
200907,A034730,0.74
200907,A000880,1.26
200907,A003550,1.38
200907,A088350,1.14
200907,A066570,1.44
200907,A009540,2.02
200907,A000150,2.62
200907,A034020,0.62
200907,A010140,2.07
200907,A000270,1.25
200907,A096770,1.79
200907,A011810,
200907,A000810,1.65
200907,A078930,2.96
200907,A017670,5.55
200907,A003490,
200907,A034220,1.27
200907,A023530,0.36
200907,A000660,
200907,A016360,1.64
200907,A004020,0.58
200907,A012330,0.73
200907,A005490,1.29
200907,A030200,5.12
200907,A042660,2.86
200907,A005830,2.32
200907,A029780,2.09
200908,A032830,
200908,A005930,1.00
200908,A005380,0.95
200908,A034730,0.74
200908,A000880,1.26
200908,A003550,1.38
200908,A088350,1.14
200908,A066570,1.44
200908,A009540,2.02
200908,A000150,2.62
200908,A034020,0.62
200908,A010140,2.07
200908,A000270,1.25
200908,A096770,1.79
200908,A011810,
200908,A000810,1.65
200908,A078930,2.96
200908,A017670,5.55
200908,A003490,
200908,A034220,1.27
200908,A023530,0.36
200908,A000660,
200908,A016360,1.64
200908,A004020,0.58
200908,A012330,0.73
200908,A005490,1.29
200908,A030200,5.12
200908,A042660,2.86
200908,A005830,2.32
200908,A029780,2.09
200909,A032830,
200909,A005930,1.00
200909,A005380,0.95
200909,A034730,0.74
200909,A000880,1.26
200909,A003550,1.38
200909,A088350,1.14
200909,A066570,1.44
200909,A009540,2.02
200909,A000150,2.62
200909,A034020,0.62
200909,A010140,2.07
200909,A000270,1.25
200909,A096770,1.79
200909,A011810,
200909,A000810,1.65
200909,A078930,2.96
200909,A017670,5.55
200909,A003490,
200909,A034220,1.27
200909,A023530,0.36
200909,A000660,
200909,A016360,1.64
200909,A004020,0.58
200909,A012330,0.73
200909,A005490,1.29
200909,A030200,5.12
200909,A042660,2.86
200909,A005830,2.32
200909,A029780,2.09
200910,A032830,
200910,A005930,1.00
200910,A005380,0.95
200910,A034730,0.74
200910,A000880,1.26
200910,A003550,1.38
200910,A088350,1.14
200910,A066570,1.44
200910,A009540,2.02
200910,A000150,2.62
200910,A034020,0.62
200910,A010140,2.07
200910,A000270,1.25
200910,A096770,1.79
200910,A011810,
200910,A000810,1.65
200910,A078930,2.96
200910,A017670,5.55
200910,A003490,
200910,A034220,1.27
200910,A023530,0.36
200910,A000660,
200910,A016360,1.64
200910,A004020,0.58
200910,A012330,0.73
200910,A005490,1.29
200910,A030200,5.12
200910,A042660,2.86
200910,A005830,2.32
200910,A029780,2.09
200911,A032830,
200911,A005930,1.00
200911,A005380,0.95
200911,A034730,0.74
200911,A000880,1.26
200911,A003550,1.38
200911,A088350,1.14
200911,A066570,1.44
200911,A009540,2.02
200911,A000150,2.62
200911,A034020,0.62
200911,A010140,2.07
200911,A000270,1.25
200911,A096770,1.79
200911,A011810,
200911,A000810,1.65
200911,A078930,2.96
200911,A017670,5.55
200911,A003490,
200911,A034220,1.27
200911,A023530,0.36
200911,A000660,
200911,A016360,1.64
200911,A004020,0.58
200911,A012330,0.73
200911,A005490,1.29
200911,A030200,5.12
200911,A042660,2.86
200911,A005830,2.32
200911,A029780,2.09
200912,A032830,
200912,A005930,1.00
200912,A005380,0.95
200912,A034730,0.74
200912,A000880,1.26
200912,A003550,1.38
200912,A088350,1.14
200912,A066570,1.44
200912,A009540,2.02
200912,A000150,2.62
200912,A034020,0.62
200912,A010140,2.07
200912,A000270,1.25
200912,A096770,1.79
200912,A011810,
200912,A000810,1.65
200912,A078930,2.96
200912,A017670,5.55
200912,A003490,
200912,A034220,1.27
200912,A023530,0.36
200912,A000660,
200912,A016360,1.64
200912,A004020,0.58
200912,A012330,0.73
200912,A005490,1.29
200912,A030200,5.12
200912,A042660,2.86
200912,A005830,2.32
200912,A029780,2.09
201001,A032830,
201001,A005930,1.05
201001,A005380,0.86
201001,A000880,1.28
201001,A003550,1.15
201001,A088350,1.14
201001,A066570,0.17
201001,A009540,1.58
201001,A034020,0.87
201001,A010140,1.21
201001,A000270,0.99
201001,A096770,1.08
201001,A000810,1.65
201001,A017670,5.42
201001,A003490,0.72
201001,A034220,1.26
201001,A023530,0.32
201001,A000660,0.63
201001,A016360,1.64
201001,A004020,0.40
201001,A012330,0.53
201001,A005490,2.05
201001,A030200,5.21
201001,A042660,1.38
201001,A005830,2.32
201001,A029780,2.38
201001,A004170,0.41
201001,A001040,1.01
201001,A051910,1.02
201001,A006360,0.86
201002,A032830,
201002,A005930,1.05
201002,A005380,0.86
201002,A000880,1.28
201002,A003550,1.15
201002,A088350,1.14
201002,A066570,0.17
201002,A009540,1.58
201002,A034020,0.87
201002,A010140,1.21
201002,A000270,0.99
201002,A096770,1.08
201002,A000810,1.65
201002,A017670,5.42
201002,A003490,0.72
201002,A034220,1.26
201002,A023530,0.32
201002,A000660,0.63
201002,A016360,1.64
201002,A004020,0.40
201002,A012330,0.53
201002,A005490,2.05
201002,A030200,5.21
201002,A042660,1.38
201002,A005830,2.32
201002,A029780,2.38
201002,A004170,0.41
201002,A001040,1.01
201002,A051910,1.02
201002,A006360,0.86
201003,A032830,
201003,A005930,1.05
201003,A005380,0.86
201003,A000880,1.28
201003,A003550,1.15
201003,A088350,1.14
201003,A066570,0.17
201003,A009540,1.58
201003,A034020,0.87
201003,A010140,1.21
201003,A000270,0.99
201003,A096770,1.08
201003,A000810,1.65
201003,A017670,5.42
201003,A003490,0.72
201003,A034220,1.26
201003,A023530,0.32
201003,A000660,0.63
201003,A016360,1.64
201003,A004020,0.40
201003,A012330,0.53
201003,A005490,2.05
201003,A030200,5.21
201003,A042660,1.38
201003,A005830,2.32
201003,A029780,2.38
201003,A004170,0.41
201003,A001040,1.01
201003,A051910,1.02
201003,A006360,0.86
201004,A032830,1.94
201004,A005930,1.05
201004,A005380,0.86
201004,A000880,1.28
201004,A003550,1.15
201004,A088350,3.03
201004,A066570,0.17
201004,A009540,1.58
201004,A034020,0.87
201004,A010140,1.21
201004,A000270,0.99
201004,A096770,1.08
201004,A000810,1.55
201004,A017670,5.42
201004,A003490,0.72
201004,A034220,1.26
201004,A023530,0.32
201004,A000660,0.63
201004,A016360,1.55
201004,A004020,0.40
201004,A012330,0.53
201004,A005490,2.05
201004,A030200,5.21
201004,A042660,1.38
201004,A005830,1.80
201004,A029780,2.38
201004,A004170,0.41
201004,A001040,1.01
201004,A051910,1.02
201004,A006360,0.86
201005,A032830,1.94
201005,A005930,1.05
201005,A005380,0.86
201005,A000880,1.28
201005,A003550,1.15
201005,A088350,3.03
201005,A066570,0.17
201005,A009540,1.58
201005,A034020,0.87
201005,A010140,1.21
201005,A000270,0.99
201005,A096770,1.08
201005,A000810,1.55
201005,A017670,5.42
201005,A003490,0.72
201005,A034220,1.26
201005,A023530,0.32
201005,A000660,0.63
201005,A016360,1.55
201005,A004020,0.40
201005,A012330,0.53
201005,A005490,2.05
201005,A030200,5.21
201005,A042660,1.38
201005,A005830,1.80
201005,A029780,2.38
201005,A004170,0.41
201005,A001040,1.01
201005,A051910,1.02
201005,A006360,0.86
201006,A032830,1.94
201006,A005930,1.05
201006,A005380,0.86
201006,A000880,1.28
201006,A003550,1.15
201006,A088350,3.03
201006,A066570,0.17
201006,A009540,1.58
201006,A034020,0.87
201006,A010140,1.21
201006,A000270,0.99
201006,A096770,1.08
201006,A000810,1.55
201006,A017670,5.42
201006,A003490,0.72
201006,A034220,1.26
201006,A023530,0.32
201006,A000660,0.63
201006,A016360,1.55
201006,A004020,0.40
201006,A012330,0.53
201006,A005490,2.05
201006,A030200,5.21
201006,A042660,1.38
201006,A005830,1.80
201006,A029780,2.38
201006,A004170,0.41
201006,A001040,1.01
201006,A051910,1.02
201006,A006360,0.86
201007,A032830,1.94
201007,A005930,1.05
201007,A005380,0.86
201007,A000880,1.28
201007,A003550,1.15
201007,A088350,3.03
201007,A066570,0.17
201007,A009540,1.58
201007,A034020,0.87
201007,A010140,1.21
201007,A000270,0.99
201007,A096770,1.08
201007,A000810,1.55
201007,A017670,5.42
201007,A003490,0.72
201007,A034220,1.26
201007,A023530,0.32
201007,A000660,0.63
201007,A016360,1.55
201007,A004020,0.40
201007,A012330,0.53
201007,A005490,2.05
201007,A030200,5.21
201007,A042660,1.38
201007,A005830,1.80
201007,A029780,2.38
201007,A004170,0.41
201007,A001040,1.01
201007,A051910,1.02
201007,A006360,0.86
201008,A032830,1.94
201008,A005930,1.05
201008,A005380,0.86
201008,A000880,1.28
201008,A003550,1.15
201008,A088350,3.03
201008,A066570,0.17
201008,A009540,1.58
201008,A034020,0.87
201008,A010140,1.21
201008,A000270,0.99
201008,A096770,1.08
201008,A000810,1.55
201008,A017670,5.42
201008,A003490,0.72
201008,A034220,1.26
201008,A023530,0.32
201008,A000660,0.63
201008,A016360,1.55
201008,A004020,0.40
201008,A012330,0.53
201008,A005490,2.05
201008,A030200,5.21
201008,A042660,1.38
201008,A005830,1.80
201008,A029780,2.38
201008,A004170,0.41
201008,A001040,1.01
201008,A051910,1.02
201008,A006360,0.86
201009,A032830,1.94
201009,A005930,1.05
201009,A005380,0.86
201009,A000880,1.28
201009,A003550,1.15
201009,A088350,3.03
201009,A066570,0.17
201009,A009540,1.58
201009,A034020,0.87
201009,A010140,1.21
201009,A000270,0.99
201009,A096770,1.08
201009,A000810,1.55
201009,A017670,5.42
201009,A003490,0.72
201009,A034220,1.26
201009,A023530,0.32
201009,A000660,0.63
201009,A016360,1.55
201009,A004020,0.40
201009,A012330,0.53
201009,A005490,2.05
201009,A030200,5.21
201009,A042660,1.38
201009,A005830,1.80
201009,A029780,2.38
201009,A004170,0.41
201009,A001040,1.01
201009,A051910,1.02
201009,A006360,0.86
201010,A032830,1.94
201010,A005930,1.05
201010,A005380,0.86
201010,A000880,1.28
201010,A003550,1.15
201010,A088350,3.03
201010,A066570,0.17
201010,A009540,1.58
201010,A034020,0.87
201010,A010140,1.21
201010,A000270,0.99
201010,A096770,1.08
201010,A000810,1.55
201010,A017670,5.42
201010,A003490,0.72
201010,A034220,1.26
201010,A023530,0.32
201010,A000660,0.63
201010,A016360,1.55
201010,A004020,0.40
201010,A012330,0.53
201010,A005490,2.05
201010,A030200,5.21
201010,A042660,1.38
201010,A005830,1.80
201010,A029780,2.38
201010,A004170,0.41
201010,A001040,1.01
201010,A051910,1.02
201010,A006360,0.86
201011,A032830,1.94
201011,A005930,1.05
201011,A005380,0.86
201011,A000880,1.28
201011,A003550,1.15
201011,A088350,3.03
201011,A066570,0.17
201011,A009540,1.58
201011,A034020,0.87
201011,A010140,1.21
201011,A000270,0.99
201011,A096770,1.08
201011,A000810,1.55
201011,A017670,5.42
201011,A003490,0.72
201011,A034220,1.26
201011,A023530,0.32
201011,A000660,0.63
201011,A016360,1.55
201011,A004020,0.40
201011,A012330,0.53
201011,A005490,2.05
201011,A030200,5.21
201011,A042660,1.38
201011,A005830,1.80
201011,A029780,2.38
201011,A004170,0.41
201011,A001040,1.01
201011,A051910,1.02
201011,A006360,0.86
201012,A032830,1.94
201012,A005930,1.05
201012,A005380,0.86
201012,A000880,1.28
201012,A003550,1.15
201012,A088350,3.03
201012,A066570,0.17
201012,A009540,1.58
201012,A034020,0.87
201012,A010140,1.21
201012,A000270,0.99
201012,A096770,1.08
201012,A000810,1.55
201012,A017670,5.42
201012,A003490,0.72
201012,A034220,1.26
201012,A023530,0.32
201012,A000660,0.63
201012,A016360,1.55
201012,A004020,0.40
201012,A012330,0.53
201012,A005490,2.05
201012,A030200,5.21
201012,A042660,1.38
201012,A005830,1.80
201012,A029780,2.38
201012,A004170,0.41
201012,A001040,1.01
201012,A051910,1.02
201012,A006360,0.86
201101,A032830,1.94
201101,A005930,0.52
201101,A005380,0.82
201101,A003550,1.63
201101,A088350,3.03
201101,A066570,0.27
201101,A009540,1.56
201101,A034020,1.15
201101,A010140,1.79
201101,A000270,0.90
201101,A096770,1.97
201101,A000810,1.55
201101,A017670,6.64
201101,A003490,
201101,A034220,
201101,A023530,0.44
201101,A000660,
201101,A016360,1.55
201101,A004020,0.52
201101,A012330,0.60
201101,A005490,2.63
201101,A030200,5.61
201101,A042660,2.06
201101,A005830,1.80
201101,A029780,1.80
201101,A001040,0.84
201101,A051910,1.26
201101,A000880,1.36
201101,A010950,4.80
201101,A000720,0.71
201102,A032830,1.94
201102,A005930,0.52
201102,A005380,0.82
201102,A003550,1.63
201102,A088350,3.03
201102,A066570,0.27
201102,A009540,1.56
201102,A034020,1.15
201102,A010140,1.79
201102,A000270,0.90
201102,A096770,1.97
201102,A000810,1.55
201102,A017670,6.64
201102,A003490,
201102,A034220,
201102,A023530,0.44
201102,A000660,
201102,A016360,1.55
201102,A004020,0.52
201102,A012330,0.60
201102,A005490,2.63
201102,A030200,5.61
201102,A042660,2.06
201102,A005830,1.80
201102,A029780,1.80
201102,A001040,0.84
201102,A051910,1.26
201102,A000880,1.36
201102,A010950,4.80
201102,A000720,0.71
201103,A032830,1.94
201103,A005930,0.52
201103,A005380,0.82
201103,A003550,1.63
201103,A088350,3.03
201103,A066570,0.27
201103,A009540,1.56
201103,A034020,1.15
201103,A010140,1.79
201103,A000270,0.90
201103,A096770,1.97
201103,A000810,1.55
201103,A017670,6.64
201103,A003490,
201103,A034220,
201103,A023530,0.44
201103,A000660,
201103,A016360,1.55
201103,A004020,0.52
201103,A012330,0.60
201103,A005490,2.63
201103,A030200,5.61
201103,A042660,2.06
201103,A005830,1.80
201103,A029780,1.80
201103,A001040,0.84
201103,A051910,1.26
201103,A000880,1.36
201103,A010950,4.80
201103,A000720,0.71
201104,A032830,1.94
201104,A005930,0.52
201104,A005380,0.82
201104,A003550,1.63
201104,A088350,3.03
201104,A066570,0.27
201104,A009540,1.56
201104,A034020,1.15
201104,A010140,1.79
201104,A000270,0.90
201104,A096770,1.97
201104,A000810,1.55
201104,A017670,6.64
201104,A003490,
201104,A034220,
201104,A023530,0.44
201104,A000660,
201104,A016360,1.55
201104,A004020,0.52
201104,A012330,0.60
201104,A005490,2.63
201104,A030200,5.61
201104,A042660,2.06
201104,A005830,1.80
201104,A029780,1.80
201104,A001040,0.84
201104,A051910,1.26
201104,A000880,1.36
201104,A010950,4.80
201104,A000720,0.71
201105,A032830,1.94
201105,A005930,0.52
201105,A005380,0.82
201105,A003550,1.63
201105,A088350,3.03
201105,A066570,0.27
201105,A009540,1.56
201105,A034020,1.15
201105,A010140,1.79
201105,A000270,0.90
201105,A096770,1.97
201105,A000810,1.55
201105,A017670,6.64
201105,A003490,
201105,A034220,
201105,A023530,0.44
201105,A000660,
201105,A016360,1.55
201105,A004020,0.52
201105,A012330,0.60
201105,A005490,2.63
201105,A030200,5.61
201105,A042660,2.06
201105,A005830,1.80
201105,A029780,1.80
201105,A001040,0.84
201105,A051910,1.26
201105,A000880,1.36
201105,A010950,4.80
201105,A000720,0.71
201106,A032830,1.94
201106,A005930,0.52
201106,A005380,0.82
201106,A003550,1.63
201106,A088350,3.03
201106,A066570,0.27
201106,A009540,1.56
201106,A034020,1.15
201106,A010140,1.79
201106,A000270,0.90
201106,A096770,1.97
201106,A000810,1.55
201106,A017670,6.64
201106,A003490,
201106,A034220,
201106,A023530,0.44
201106,A000660,
201106,A016360,1.55
201106,A004020,0.52
201106,A012330,0.60
201106,A005490,2.63
201106,A030200,5.61
201106,A042660,2.06
201106,A005830,1.80
201106,A029780,1.80
201106,A001040,0.84
201106,A051910,1.26
201106,A000880,1.36
201106,A010950,4.80
201106,A000720,0.71
201107,A032830,1.94
201107,A005930,0.52
201107,A005380,0.82
201107,A003550,1.63
201107,A088350,3.03
201107,A066570,0.27
201107,A009540,1.56
201107,A034020,1.15
201107,A010140,1.79
201107,A000270,0.90
201107,A096770,1.97
201107,A000810,1.55
201107,A017670,6.64
201107,A003490,
201107,A034220,
201107,A023530,0.44
201107,A000660,
201107,A016360,1.55
201107,A004020,0.52
201107,A012330,0.60
201107,A005490,2.63
201107,A030200,5.61
201107,A042660,2.06
201107,A005830,1.80
201107,A029780,1.80
201107,A001040,0.84
201107,A051910,1.26
201107,A000880,1.36
201107,A010950,4.80
201107,A000720,0.71
201108,A032830,1.94
201108,A005930,0.52
201108,A005380,0.82
201108,A003550,1.63
201108,A088350,3.03
201108,A066570,0.27
201108,A009540,1.56
201108,A034020,1.15
201108,A010140,1.79
201108,A000270,0.90
201108,A096770,1.97
201108,A000810,1.55
201108,A017670,6.64
201108,A003490,
201108,A034220,
201108,A023530,0.44
201108,A000660,
201108,A016360,1.55
201108,A004020,0.52
201108,A012330,0.60
201108,A005490,2.63
201108,A030200,5.61
201108,A042660,2.06
201108,A005830,1.80
201108,A029780,1.80
201108,A001040,0.84
201108,A051910,1.26
201108,A000880,1.36
201108,A010950,4.80
201108,A000720,0.71
201109,A032830,1.94
201109,A005930,0.52
201109,A005380,0.82
201109,A003550,1.63
201109,A088350,3.03
201109,A066570,0.27
201109,A009540,1.56
201109,A034020,1.15
201109,A010140,1.79
201109,A000270,0.90
201109,A096770,1.97
201109,A000810,1.55
201109,A017670,6.64
201109,A003490,
201109,A034220,
201109,A023530,0.44
201109,A000660,
201109,A016360,1.55
201109,A004020,0.52
201109,A012330,0.60
201109,A005490,2.63
201109,A030200,5.61
201109,A042660,2.06
201109,A005830,1.80
201109,A029780,1.80
201109,A001040,0.84
201109,A051910,1.26
201109,A000880,1.36
201109,A010950,4.80
201109,A000720,0.71
201110,A032830,1.94
201110,A005930,0.52
201110,A005380,0.82
201110,A003550,1.63
201110,A088350,3.03
201110,A066570,0.27
201110,A009540,1.56
201110,A034020,1.15
201110,A010140,1.79
201110,A000270,0.90
201110,A096770,1.97
201110,A000810,1.55
201110,A017670,6.64
201110,A003490,
201110,A034220,
201110,A023530,0.44
201110,A000660,
201110,A016360,1.55
201110,A004020,0.52
201110,A012330,0.60
201110,A005490,2.63
201110,A030200,5.61
201110,A042660,2.06
201110,A005830,1.80
201110,A029780,1.80
201110,A001040,0.84
201110,A051910,1.26
201110,A000880,1.36
201110,A010950,4.80
201110,A000720,0.71
201111,A032830,1.94
201111,A005930,0.52
201111,A005380,0.82
201111,A003550,1.63
201111,A088350,3.03
201111,A066570,0.27
201111,A009540,1.56
201111,A034020,1.15
201111,A010140,1.79
201111,A000270,0.90
201111,A096770,1.97
201111,A000810,1.55
201111,A017670,6.64
201111,A003490,
201111,A034220,
201111,A023530,0.44
201111,A000660,
201111,A016360,1.55
201111,A004020,0.52
201111,A012330,0.60
201111,A005490,2.63
201111,A030200,5.61
201111,A042660,2.06
201111,A005830,1.80
201111,A029780,1.80
201111,A001040,0.84
201111,A051910,1.26
201111,A000880,1.36
201111,A010950,4.80
201111,A000720,0.71
201112,A032830,1.94
201112,A005930,0.52
201112,A005380,0.82
201112,A003550,1.63
201112,A088350,3.03
201112,A066570,0.27
201112,A009540,1.56
201112,A034020,1.15
201112,A010140,1.79
201112,A000270,0.90
201112,A096770,1.97
201112,A000810,1.55
201112,A017670,6.64
201112,A003490,
201112,A034220,
201112,A023530,0.44
201112,A000660,
201112,A016360,1.55
201112,A004020,0.52
201112,A012330,0.60
201112,A005490,2.63
201112,A030200,5.61
201112,A042660,2.06
201112,A005830,1.80
201112,A029780,1.80
201112,A001040,0.84
201112,A051910,1.26
201112,A000880,1.36
201112,A010950,4.80
201112,A000720,0.71
201201,A032830,2.02
201201,A005930,0.53
201201,A005380,0.87
201201,A003550,1.53
201201,A088350,3.07
201201,A066570,0.27
201201,A009540,1.03
201201,A034020,1.66
201201,A010140,1.30
201201,A000270,1.15
201201,A096770,1.84
201201,A000810,1.75
201201,A017670,6.16
201201,A003490,
201201,A034220,
201201,A023530,0.40
201201,A000660,
201201,A016360,1.23
201201,A004020,0.57
201201,A012330,0.66
201201,A005490,2.29
201201,A030200,5.63
201201,A042660,0.92
201201,A005830,2.45
201201,A029780,1.92
201201,A001040,0.55
201201,A051910,1.21
201201,A000880,1.32
201201,A000150,2.71
201201,A004800,1.36
201202,A032830,2.02
201202,A005930,0.53
201202,A005380,0.87
201202,A003550,1.53
201202,A088350,3.07
201202,A066570,0.27
201202,A009540,1.03
201202,A034020,1.66
201202,A010140,1.30
201202,A000270,1.15
201202,A096770,1.84
201202,A000810,1.75
201202,A017670,6.16
201202,A003490,
201202,A034220,
201202,A023530,0.40
201202,A000660,
201202,A016360,1.23
201202,A004020,0.57
201202,A012330,0.66
201202,A005490,2.29
201202,A030200,5.63
201202,A042660,0.92
201202,A005830,2.45
201202,A029780,1.92
201202,A001040,0.55
201202,A051910,1.21
201202,A000880,1.32
201202,A000150,2.71
201202,A004800,1.36
201203,A032830,2.02
201203,A005930,0.53
201203,A005380,0.87
201203,A003550,1.53
201203,A088350,3.07
201203,A066570,0.27
201203,A009540,1.03
201203,A034020,1.66
201203,A010140,1.30
201203,A000270,1.15
201203,A096770,1.84
201203,A000810,1.75
201203,A017670,6.16
201203,A003490,
201203,A034220,
201203,A023530,0.40
201203,A000660,
201203,A016360,1.23
201203,A004020,0.57
201203,A012330,0.66
201203,A005490,2.29
201203,A030200,5.63
201203,A042660,0.92
201203,A005830,2.45
201203,A029780,1.92
201203,A001040,0.55
201203,A051910,1.21
201203,A000880,1.32
201203,A000150,2.71
201203,A004800,1.36
201204,A032830,2.02
201204,A005930,0.53
201204,A005380,0.87
201204,A003550,1.53
201204,A088350,3.07
201204,A066570,0.27
201204,A009540,1.03
201204,A034020,1.66
201204,A010140,1.30
201204,A000270,1.15
201204,A096770,1.84
201204,A000810,1.75
201204,A017670,6.16
201204,A003490,
201204,A034220,
201204,A023530,0.40
201204,A000660,
201204,A016360,1.23
201204,A004020,0.57
201204,A012330,0.66
201204,A005490,2.29
201204,A030200,5.63
201204,A042660,0.92
201204,A005830,2.45
201204,A029780,1.92
201204,A001040,0.55
201204,A051910,1.21
201204,A000880,1.32
201204,A000150,2.71
201204,A004800,1.36
201205,A032830,2.02
201205,A005930,0.53
201205,A005380,0.87
201205,A003550,1.53
201205,A088350,3.07
201205,A066570,0.27
201205,A009540,1.03
201205,A034020,1.66
201205,A010140,1.30
201205,A000270,1.15
201205,A096770,1.84
201205,A000810,1.75
201205,A017670,6.16
201205,A003490,
201205,A034220,
201205,A023530,0.40
201205,A000660,
201205,A016360,1.23
201205,A004020,0.57
201205,A012330,0.66
201205,A005490,2.29
201205,A030200,5.63
201205,A042660,0.92
201205,A005830,2.45
201205,A029780,1.92
201205,A001040,0.55
201205,A051910,1.21
201205,A000880,1.32
201205,A000150,2.71
201205,A004800,1.36
201206,A032830,2.02
201206,A005930,0.53
201206,A005380,0.87
201206,A003550,1.53
201206,A088350,3.07
201206,A066570,0.27
201206,A009540,1.03
201206,A034020,1.66
201206,A010140,1.30
201206,A000270,1.15
201206,A096770,1.84
201206,A000810,1.75
201206,A017670,6.16
201206,A003490,
201206,A034220,
201206,A023530,0.40
201206,A000660,
201206,A016360,1.23
201206,A004020,0.57
201206,A012330,0.66
201206,A005490,2.29
201206,A030200,5.63
201206,A042660,0.92
201206,A005830,2.45
201206,A029780,1.92
201206,A001040,0.55
201206,A051910,1.21
201206,A000880,1.32
201206,A000150,2.71
201206,A004800,1.36
201207,A032830,2.02
201207,A005930,0.53
201207,A005380,0.87
201207,A003550,1.53
201207,A088350,3.07
201207,A066570,0.27
201207,A009540,1.03
201207,A034020,1.66
201207,A010140,1.30
201207,A000270,1.15
201207,A096770,1.84
201207,A000810,1.75
201207,A017670,6.16
201207,A003490,
201207,A034220,
201207,A023530,0.40
201207,A000660,
201207,A016360,1.23
201207,A004020,0.57
201207,A012330,0.66
201207,A005490,2.29
201207,A030200,5.63
201207,A042660,0.92
201207,A005830,2.45
201207,A029780,1.92
201207,A001040,0.55
201207,A051910,1.21
201207,A000880,1.32
201207,A000150,2.71
201207,A004800,1.36
201208,A032830,2.02
201208,A005930,0.53
201208,A005380,0.87
201208,A003550,1.53
201208,A088350,3.07
201208,A066570,0.27
201208,A009540,1.03
201208,A034020,1.66
201208,A010140,1.30
201208,A000270,1.15
201208,A096770,1.84
201208,A000810,1.75
201208,A017670,6.16
201208,A003490,
201208,A034220,
201208,A023530,0.40
201208,A000660,
201208,A016360,1.23
201208,A004020,0.57
201208,A012330,0.66
201208,A005490,2.29
201208,A030200,5.63
201208,A042660,0.92
201208,A005830,2.45
201208,A029780,1.92
201208,A001040,0.55
201208,A051910,1.21
201208,A000880,1.32
201208,A000150,2.71
201208,A004800,1.36
201209,A032830,2.02
201209,A005930,0.53
201209,A005380,0.87
201209,A003550,1.53
201209,A088350,3.07
201209,A066570,0.27
201209,A009540,1.03
201209,A034020,1.66
201209,A010140,1.30
201209,A000270,1.15
201209,A096770,1.84
201209,A000810,1.75
201209,A017670,6.16
201209,A003490,
201209,A034220,
201209,A023530,0.40
201209,A000660,
201209,A016360,1.23
201209,A004020,0.57
201209,A012330,0.66
201209,A005490,2.29
201209,A030200,5.63
201209,A042660,0.92
201209,A005830,2.45
201209,A029780,1.92
201209,A001040,0.55
201209,A051910,1.21
201209,A000880,1.32
201209,A000150,2.71
201209,A004800,1.36
201210,A032830,2.02
201210,A005930,0.53
201210,A005380,0.87
201210,A003550,1.53
201210,A088350,3.07
201210,A066570,0.27
201210,A009540,1.03
201210,A034020,1.66
201210,A010140,1.30
201210,A000270,1.15
201210,A096770,1.84
201210,A000810,1.75
201210,A017670,6.16
201210,A003490,
201210,A034220,
201210,A023530,0.40
201210,A000660,
201210,A016360,1.23
201210,A004020,0.57
201210,A012330,0.66
201210,A005490,2.29
201210,A030200,5.63
201210,A042660,0.92
201210,A005830,2.45
201210,A029780,1.92
201210,A001040,0.55
201210,A051910,1.21
201210,A000880,1.32
201210,A000150,2.71
201210,A004800,1.36
201211,A032830,2.02
201211,A005930,0.53
201211,A005380,0.87
201211,A003550,1.53
201211,A088350,3.07
201211,A066570,0.27
201211,A009540,1.03
201211,A034020,1.66
201211,A010140,1.30
201211,A000270,1.15
201211,A096770,1.84
201211,A000810,1.75
201211,A017670,6.16
201211,A003490,
201211,A034220,
201211,A023530,0.40
201211,A000660,
201211,A016360,1.23
201211,A004020,0.57
201211,A012330,0.66
201211,A005490,2.29
201211,A030200,5.63
201211,A042660,0.92
201211,A005830,2.45
201211,A029780,1.92
201211,A001040,0.55
201211,A051910,1.21
201211,A000880,1.32
201211,A000150,2.71
201211,A004800,1.36
201212,A032830,2.02
201212,A005930,0.53
201212,A005380,0.87
201212,A003550,1.53
201212,A088350,3.07
201212,A066570,0.27
201212,A009540,1.03
201212,A034020,1.66
201212,A010140,1.30
201212,A000270,1.15
201212,A096770,1.84
201212,A000810,1.75
201212,A017670,6.16
201212,A003490,
201212,A034220,
201212,A023530,0.40
201212,A000660,
201212,A016360,1.23
201212,A004020,0.57
201212,A012330,0.66
201212,A005490,2.29
201212,A030200,5.63
201212,A042660,0.92
201212,A005830,2.45
201212,A029780,1.92
201212,A001040,0.55
201212,A051910,1.21
201212,A000880,1.32
201212,A000150,2.71
201212,A004800,1.36
201301,A032830,1.44
201301,A005930,1.04
201301,A005380,0.82
201301,A003550,1.56
201301,A088350,2.20
201301,A066570,0.29
201301,A009540,0.78
201301,A034020,2.12
201301,A010140,1.31
201301,A000270,1.25
201301,A096770,2.26
201301,A000810,1.72
201301,A017670,4.09
201301,A003490,
201301,A034220,
201301,A023530,0.37
201301,A000660,
201301,A016360,1.20
201301,A004020,0.58
201301,A012330,0.66
201301,A005490,2.45
201301,A030200,2.54
201301,A042660,0.86
201301,A005830,2.74
201301,A029780,1.87
201301,A001040,0.82
201301,A051910,1.34
201301,A000880,1.02
201301,A000150,2.51
201301,A005940,0.85
201302,A032830,1.44
201302,A005930,1.04
201302,A005380,0.82
201302,A003550,1.56
201302,A088350,2.20
201302,A066570,0.29
201302,A009540,0.78
201302,A034020,2.12
201302,A010140,1.31
201302,A000270,1.25
201302,A096770,2.26
201302,A000810,1.72
201302,A017670,4.09
201302,A003490,
201302,A034220,
201302,A023530,0.37
201302,A000660,
201302,A016360,1.20
201302,A004020,0.58
201302,A012330,0.66
201302,A005490,2.45
201302,A030200,2.54
201302,A042660,0.86
201302,A005830,2.74
201302,A029780,1.87
201302,A001040,0.82
201302,A051910,1.34
201302,A000880,1.02
201302,A000150,2.51
201302,A005940,0.85
201303,A032830,1.44
201303,A005930,1.04
201303,A005380,0.82
201303,A003550,1.56
201303,A088350,2.20
201303,A066570,0.29
201303,A009540,0.78
201303,A034020,2.12
201303,A010140,1.31
201303,A000270,1.25
201303,A096770,2.26
201303,A000810,1.72
201303,A017670,4.09
201303,A003490,
201303,A034220,
201303,A023530,0.37
201303,A000660,
201303,A016360,1.20
201303,A004020,0.58
201303,A012330,0.66
201303,A005490,2.45
201303,A030200,2.54
201303,A042660,0.86
201303,A005830,2.74
201303,A029780,1.87
201303,A001040,0.82
201303,A051910,1.34
201303,A000880,1.02
201303,A000150,2.51
201303,A005940,0.85
201304,A032830,1.44
201304,A005930,1.04
201304,A005380,0.82
201304,A003550,1.56
201304,A088350,2.20
201304,A066570,0.29
201304,A009540,0.78
201304,A034020,2.12
201304,A010140,1.31
201304,A000270,1.25
201304,A096770,2.26
201304,A000810,1.72
201304,A017670,4.09
201304,A003490,
201304,A034220,
201304,A023530,0.37
201304,A000660,
201304,A016360,1.20
201304,A004020,0.58
201304,A012330,0.66
201304,A005490,2.45
201304,A030200,2.54
201304,A042660,0.86
201304,A005830,2.74
201304,A029780,1.87
201304,A001040,0.82
201304,A051910,1.34
201304,A000880,1.02
201304,A000150,2.51
201304,A005940,0.85
201305,A032830,1.44
201305,A005930,1.04
201305,A005380,0.82
201305,A003550,1.56
201305,A088350,2.20
201305,A066570,0.29
201305,A009540,0.78
201305,A034020,2.12
201305,A010140,1.31
201305,A000270,1.25
201305,A096770,2.26
201305,A000810,1.72
201305,A017670,4.09
201305,A003490,
201305,A034220,
201305,A023530,0.37
201305,A000660,
201305,A016360,1.20
201305,A004020,0.58
201305,A012330,0.66
201305,A005490,2.45
201305,A030200,2.54
201305,A042660,0.86
201305,A005830,2.74
201305,A029780,1.87
201305,A001040,0.82
201305,A051910,1.34
201305,A000880,1.02
201305,A000150,2.51
201305,A005940,0.85
201306,A032830,1.44
201306,A005930,1.04
201306,A005380,0.82
201306,A003550,1.56
201306,A088350,2.20
201306,A066570,0.29
201306,A009540,0.78
201306,A034020,2.12
201306,A010140,1.31
201306,A000270,1.25
201306,A096770,2.26
201306,A000810,1.72
201306,A017670,4.09
201306,A003490,
201306,A034220,
201306,A023530,0.37
201306,A000660,
201306,A016360,1.20
201306,A004020,0.58
201306,A012330,0.66
201306,A005490,2.45
201306,A030200,2.54
201306,A042660,0.86
201306,A005830,2.74
201306,A029780,1.87
201306,A001040,0.82
201306,A051910,1.34
201306,A000880,1.02
201306,A000150,2.51
201306,A005940,0.85
201307,A032830,1.44
201307,A005930,1.04
201307,A005380,0.82
201307,A003550,1.56
201307,A088350,2.20
201307,A066570,0.29
201307,A009540,0.78
201307,A034020,2.12
201307,A010140,1.31
201307,A000270,1.25
201307,A096770,2.26
201307,A000810,1.72
201307,A017670,4.09
201307,A003490,
201307,A034220,
201307,A023530,0.37
201307,A000660,
201307,A016360,1.20
201307,A004020,0.58
201307,A012330,0.66
201307,A005490,2.45
201307,A030200,2.54
201307,A042660,0.86
201307,A005830,2.74
201307,A029780,1.87
201307,A001040,0.82
201307,A051910,1.34
201307,A000880,1.02
201307,A000150,2.51
201307,A005940,0.85
201308,A032830,1.44
201308,A005930,1.04
201308,A005380,0.82
201308,A003550,1.56
201308,A088350,2.20
201308,A066570,0.29
201308,A009540,0.78
201308,A034020,2.12
201308,A010140,1.31
201308,A000270,1.25
201308,A096770,2.26
201308,A000810,1.72
201308,A017670,4.09
201308,A003490,
201308,A034220,
201308,A023530,0.37
201308,A000660,
201308,A016360,1.20
201308,A004020,0.58
201308,A012330,0.66
201308,A005490,2.45
201308,A030200,2.54
201308,A042660,0.86
201308,A005830,2.74
201308,A029780,1.87
201308,A001040,0.82
201308,A051910,1.34
201308,A000880,1.02
201308,A000150,2.51
201308,A005940,0.85
201309,A032830,1.44
201309,A005930,1.04
201309,A005380,0.82
201309,A003550,1.56
201309,A088350,2.20
201309,A066570,0.29
201309,A009540,0.78
201309,A034020,2.12
201309,A010140,1.31
201309,A000270,1.25
201309,A096770,2.26
201309,A000810,1.72
201309,A017670,4.09
201309,A003490,
201309,A034220,
201309,A023530,0.37
201309,A000660,
201309,A016360,1.20
201309,A004020,0.58
201309,A012330,0.66
201309,A005490,2.45
201309,A030200,2.54
201309,A042660,0.86
201309,A005830,2.74
201309,A029780,1.87
201309,A001040,0.82
201309,A051910,1.34
201309,A000880,1.02
201309,A000150,2.51
201309,A005940,0.85
201310,A032830,1.44
201310,A005930,1.04
201310,A005380,0.82
201310,A003550,1.56
201310,A088350,2.20
201310,A066570,0.29
201310,A009540,0.78
201310,A034020,2.12
201310,A010140,1.31
201310,A000270,1.25
201310,A096770,2.26
201310,A000810,1.72
201310,A017670,4.09
201310,A003490,
201310,A034220,
201310,A023530,0.37
201310,A000660,
201310,A016360,1.20
201310,A004020,0.58
201310,A012330,0.66
201310,A005490,2.45
201310,A030200,2.54
201310,A042660,0.86
201310,A005830,2.74
201310,A029780,1.87
201310,A001040,0.82
201310,A051910,1.34
201310,A000880,1.02
201310,A000150,2.51
201310,A005940,0.85
201311,A032830,1.44
201311,A005930,1.04
201311,A005380,0.82
201311,A003550,1.56
201311,A088350,2.20
201311,A066570,0.29
201311,A009540,0.78
201311,A034020,2.12
201311,A010140,1.31
201311,A000270,1.25
201311,A096770,2.26
201311,A000810,1.72
201311,A017670,4.09
201311,A003490,
201311,A034220,
201311,A023530,0.37
201311,A000660,
201311,A016360,1.20
201311,A004020,0.58
201311,A012330,0.66
201311,A005490,2.45
201311,A030200,2.54
201311,A042660,0.86
201311,A005830,2.74
201311,A029780,1.87
201311,A001040,0.82
201311,A051910,1.34
201311,A000880,1.02
201311,A000150,2.51
201311,A005940,0.85
201312,A032830,1.44
201312,A005930,1.04
201312,A005380,0.82
201312,A003550,1.56
201312,A088350,2.20
201312,A066570,0.29
201312,A009540,0.78
201312,A034020,2.12
201312,A010140,1.31
201312,A000270,1.25
201312,A096770,2.26
201312,A000810,1.72
201312,A017670,4.09
201312,A003490,
201312,A034220,
201312,A023530,0.37
201312,A000660,
201312,A016360,1.20
201312,A004020,0.58
201312,A012330,0.66
201312,A005490,2.45
201312,A030200,2.54
201312,A042660,0.86
201312,A005830,2.74
201312,A029780,1.87
201312,A001040,0.82
201312,A051910,1.34
201312,A000880,1.02
201312,A000150,2.51
201312,A005940,0.85
201401,A032830,1.55
201401,A005930,1.51
201401,A005380,1.78
201401,A003550,1.63
201401,A088350,2.17
201401,A066570,0.68
201401,A009540,
201401,A034020,3.17
201401,A000270,1.91
201401,A096770,
201401,A000810,1.59
201401,A017670,3.51
201401,A003490,
201401,A034220,1.49
201401,A023530,0.73
201401,A000660,0.63
201401,A016360,1.46
201401,A004020,1.18
201401,A012330,1.27
201401,A005490,2.90
201401,A030200,
201401,A042660,0.80
201401,A005830,2.64
201401,A029780,2.26
201401,A001040,0.61
201401,A051910,2.21
201401,A000880,1.60
201401,A000150,3.86
201401,A005940,1.56
201401,A000720,1.19
201402,A032830,1.55
201402,A005930,1.51
201402,A005380,1.78
201402,A003550,1.63
201402,A088350,2.17
201402,A066570,0.68
201402,A009540,
201402,A034020,3.17
201402,A000270,1.91
201402,A096770,
201402,A000810,1.59
201402,A017670,3.51
201402,A003490,
201402,A034220,1.49
201402,A023530,0.73
201402,A000660,0.63
201402,A016360,1.46
201402,A004020,1.18
201402,A012330,1.27
201402,A005490,2.90
201402,A030200,
201402,A042660,0.80
201402,A005830,2.64
201402,A029780,2.26
201402,A001040,0.61
201402,A051910,2.21
201402,A000880,1.60
201402,A000150,3.86
201402,A005940,1.56
201402,A000720,1.19
201403,A032830,1.55
201403,A005930,1.51
201403,A005380,1.78
201403,A003550,1.63
201403,A088350,2.17
201403,A066570,0.68
201403,A009540,
201403,A034020,3.17
201403,A000270,1.91
201403,A096770,
201403,A000810,1.59
201403,A017670,3.51
201403,A003490,
201403,A034220,1.49
201403,A023530,0.73
201403,A000660,0.63
201403,A016360,1.46
201403,A004020,1.18
201403,A012330,1.27
201403,A005490,2.90
201403,A030200,
201403,A042660,0.80
201403,A005830,2.64
201403,A029780,2.26
201403,A001040,0.61
201403,A051910,2.21
201403,A000880,1.60
201403,A000150,3.86
201403,A005940,1.56
201403,A000720,1.19
201404,A032830,1.55
201404,A005930,1.51
201404,A005380,1.78
201404,A003550,1.63
201404,A088350,2.17
201404,A066570,0.68
201404,A009540,
201404,A034020,3.17
201404,A000270,1.91
201404,A096770,
201404,A000810,1.59
201404,A017670,3.51
201404,A003490,
201404,A034220,1.49
201404,A023530,0.73
201404,A000660,0.63
201404,A016360,1.46
201404,A004020,1.18
201404,A012330,1.27
201404,A005490,2.90
201404,A030200,
201404,A042660,0.80
201404,A005830,2.64
201404,A029780,2.26
201404,A001040,0.61
201404,A051910,2.21
201404,A000880,1.60
201404,A000150,3.86
201404,A005940,1.56
201404,A000720,1.19
201405,A032830,1.55
201405,A005930,1.51
201405,A005380,1.78
201405,A003550,1.63
201405,A088350,2.17
201405,A066570,0.68
201405,A009540,
201405,A034020,3.17
201405,A000270,1.91
201405,A096770,
201405,A000810,1.59
201405,A017670,3.51
201405,A003490,
201405,A034220,1.49
201405,A023530,0.73
201405,A000660,0.63
201405,A016360,1.46
201405,A004020,1.18
201405,A012330,1.27
201405,A005490,2.90
201405,A030200,
201405,A042660,0.80
201405,A005830,2.64
201405,A029780,2.26
201405,A001040,0.61
201405,A051910,2.21
201405,A000880,1.60
201405,A000150,3.86
201405,A005940,1.56
201405,A000720,1.19
201406,A032830,1.55
201406,A005930,1.51
201406,A005380,1.78
201406,A003550,1.63
201406,A088350,2.17
201406,A066570,0.68
201406,A009540,
201406,A034020,3.17
201406,A000270,1.91
201406,A096770,
201406,A000810,1.59
201406,A017670,3.51
201406,A003490,
201406,A034220,1.49
201406,A023530,0.73
201406,A000660,0.63
201406,A016360,1.46
201406,A004020,1.18
201406,A012330,1.27
201406,A005490,2.90
201406,A030200,
201406,A042660,0.80
201406,A005830,2.64
201406,A029780,2.26
201406,A001040,0.61
201406,A051910,2.21
201406,A000880,1.60
201406,A000150,3.86
201406,A005940,1.56
201406,A000720,1.19
201407,A032830,1.55
201407,A005930,1.51
201407,A005380,1.78
201407,A003550,1.63
201407,A088350,2.17
201407,A066570,0.68
201407,A009540,
201407,A034020,3.17
201407,A000270,1.91
201407,A096770,
201407,A000810,1.59
201407,A017670,3.51
201407,A003490,
201407,A034220,1.49
201407,A023530,0.73
201407,A000660,0.63
201407,A016360,1.46
201407,A004020,1.18
201407,A012330,1.27
201407,A005490,2.90
201407,A030200,
201407,A042660,0.80
201407,A005830,2.64
201407,A029780,2.26
201407,A001040,0.61
201407,A051910,2.21
201407,A000880,1.60
201407,A000150,3.86
201407,A005940,1.56
201407,A000720,1.19
201408,A032830,1.55
201408,A005930,1.51
201408,A005380,1.78
201408,A003550,1.63
201408,A088350,2.17
201408,A066570,0.68
201408,A009540,
201408,A034020,3.17
201408,A000270,1.91
201408,A096770,
201408,A000810,1.59
201408,A017670,3.51
201408,A003490,
201408,A034220,1.49
201408,A023530,0.73
201408,A000660,0.63
201408,A016360,1.46
201408,A004020,1.18
201408,A012330,1.27
201408,A005490,2.90
201408,A030200,
201408,A042660,0.80
201408,A005830,2.64
201408,A029780,2.26
201408,A001040,0.61
201408,A051910,2.21
201408,A000880,1.60
201408,A000150,3.86
201408,A005940,1.56
201408,A000720,1.19
201409,A032830,1.55
201409,A005930,1.51
201409,A005380,1.78
201409,A003550,1.63
201409,A088350,2.17
201409,A066570,0.68
201409,A009540,
201409,A034020,3.17
201409,A000270,1.91
201409,A096770,
201409,A000810,1.59
201409,A017670,3.51
201409,A003490,
201409,A034220,1.49
201409,A023530,0.73
201409,A000660,0.63
201409,A016360,1.46
201409,A004020,1.18
201409,A012330,1.27
201409,A005490,2.90
201409,A030200,
201409,A042660,0.80
201409,A005830,2.64
201409,A029780,2.26
201409,A001040,0.61
201409,A051910,2.21
201409,A000880,1.60
201409,A000150,3.86
201409,A005940,1.56
201409,A000720,1.19
201410,A032830,1.55
201410,A005930,1.51
201410,A005380,1.78
201410,A003550,1.63
201410,A088350,2.17
201410,A066570,0.68
201410,A009540,
201410,A034020,3.17
201410,A000270,1.91
201410,A096770,
201410,A000810,1.59
201410,A017670,3.51
201410,A003490,
201410,A034220,1.49
201410,A023530,0.73
201410,A000660,0.63
201410,A016360,1.46
201410,A004020,1.18
201410,A012330,1.27
201410,A005490,2.90
201410,A030200,
201410,A042660,0.80
201410,A005830,2.64
201410,A029780,2.26
201410,A001040,0.61
201410,A051910,2.21
201410,A000880,1.60
201410,A000150,3.86
201410,A005940,1.56
201410,A000720,1.19
201411,A032830,1.55
201411,A005930,1.51
201411,A005380,1.78
201411,A003550,1.63
201411,A088350,2.17
201411,A066570,0.68
201411,A009540,
201411,A034020,3.17
201411,A000270,1.91
201411,A096770,
201411,A000810,1.59
201411,A017670,3.51
201411,A003490,
201411,A034220,1.49
201411,A023530,0.73
201411,A000660,0.63
201411,A016360,1.46
201411,A004020,1.18
201411,A012330,1.27
201411,A005490,2.90
201411,A030200,
201411,A042660,0.80
201411,A005830,2.64
201411,A029780,2.26
201411,A001040,0.61
201411,A051910,2.21
201411,A000880,1.60
201411,A000150,3.86
201411,A005940,1.56
201411,A000720,1.19
201412,A032830,1.55
201412,A005930,1.51
201412,A005380,1.78
201412,A003550,1.63
201412,A088350,2.17
201412,A066570,0.68
201412,A009540,
201412,A034020,3.17
201412,A000270,1.91
201412,A096770,
201412,A000810,1.59
201412,A017670,3.51
201412,A003490,
201412,A034220,1.49
201412,A023530,0.73
201412,A000660,0.63
201412,A016360,1.46
201412,A004020,1.18
201412,A012330,1.27
201412,A005490,2.90
201412,A030200,
201412,A042660,0.80
201412,A005830,2.64
201412,A029780,2.26
201412,A001040,0.61
201412,A051910,2.21
201412,A000880,1.60
201412,A000150,3.86
201412,A005940,1.56
201412,A000720,1.19
201501,A032830,1.64
201501,A005930,1.67
201501,A005380,2.68
201501,A088350,2.44
201501,A066570,0.74
201501,A009540,
201501,A034020,4.13
201501,A000270,2.09
201501,A096770,3.69
201501,A000810,1.67
201501,A017670,4.64
201501,A003490,
201501,A034220,2.04
201501,A023530,0.86
201501,A000660,1.63
201501,A016360,2.40
201501,A004020,1.50
201501,A012330,1.42
201501,A005490,4.80
201501,A030200,1.77
201501,A005830,2.20
201501,A001040,0.54
201501,A000880,1.27
201501,A000150,5.14
201501,A005940,3.96
201501,A000720,1.75
201501,A034730,1.41
201501,A028260,0.36
201501,A006800,3.48
201501,A085620,1.09
201502,A032830,1.64
201502,A005930,1.67
201502,A005380,2.68
201502,A088350,2.44
201502,A066570,0.74
201502,A009540,
201502,A034020,4.13
201502,A000270,2.09
201502,A096770,3.69
201502,A000810,1.67
201502,A017670,4.64
201502,A003490,
201502,A034220,2.04
201502,A023530,0.86
201502,A000660,1.63
201502,A016360,2.40
201502,A004020,1.50
201502,A012330,1.42
201502,A005490,4.80
201502,A030200,1.77
201502,A005830,2.20
201502,A001040,0.54
201502,A000880,1.27
201502,A000150,5.14
201502,A005940,3.96
201502,A000720,1.75
201502,A034730,1.41
201502,A028260,0.36
201502,A006800,3.48
201502,A085620,1.09
201503,A032830,1.64
201503,A005930,1.67
201503,A005380,2.68
201503,A088350,2.44
201503,A066570,0.74
201503,A009540,
201503,A034020,4.13
201503,A000270,2.09
201503,A096770,3.69
201503,A000810,1.67
201503,A017670,4.64
201503,A003490,
201503,A034220,2.04
201503,A023530,0.86
201503,A000660,1.63
201503,A016360,2.40
201503,A004020,1.50
201503,A012330,1.42
201503,A005490,4.80
201503,A030200,1.77
201503,A005830,2.20
201503,A001040,0.54
201503,A000880,1.27
201503,A000150,5.14
201503,A005940,3.96
201503,A000720,1.75
201503,A034730,1.41
201503,A028260,0.36
201503,A006800,3.48
201503,A085620,1.09
201504,A032830,1.64
201504,A005930,1.67
201504,A005380,2.68
201504,A088350,2.44
201504,A066570,0.74
201504,A009540,
201504,A034020,4.13
201504,A000270,2.09
201504,A096770,3.69
201504,A000810,1.67
201504,A017670,4.64
201504,A003490,
201504,A034220,2.04
201504,A023530,0.86
201504,A000660,1.63
201504,A016360,2.40
201504,A004020,1.50
201504,A012330,1.42
201504,A005490,4.80
201504,A030200,1.77
201504,A005830,2.20
201504,A001040,0.54
201504,A000880,1.27
201504,A000150,5.14
201504,A005940,3.96
201504,A000720,1.75
201504,A034730,1.41
201504,A028260,0.36
201504,A006800,3.48
201504,A085620,1.09
201505,A032830,1.64
201505,A005930,1.67
201505,A005380,2.68
201505,A088350,2.44
201505,A066570,0.74
201505,A009540,
201505,A034020,4.13
201505,A000270,2.09
201505,A096770,3.69
201505,A000810,1.67
201505,A017670,4.64
201505,A003490,
201505,A034220,2.04
201505,A023530,0.86
201505,A000660,1.63
201505,A016360,2.40
201505,A004020,1.50
201505,A012330,1.42
201505,A005490,4.80
201505,A030200,1.77
201505,A005830,2.20
201505,A001040,0.54
201505,A000880,1.27
201505,A000150,5.14
201505,A005940,3.96
201505,A000720,1.75
201505,A034730,1.41
201505,A028260,0.36
201505,A006800,3.48
201505,A085620,1.09
201506,A032830,1.64
201506,A005930,1.67
201506,A005380,2.68
201506,A088350,2.44
201506,A066570,0.74
201506,A009540,
201506,A034020,4.13
201506,A000270,2.09
201506,A096770,3.69
201506,A000810,1.67
201506,A017670,4.64
201506,A003490,
201506,A034220,2.04
201506,A023530,0.86
201506,A000660,1.63
201506,A016360,2.40
201506,A004020,1.50
201506,A012330,1.42
201506,A005490,4.80
201506,A030200,1.77
201506,A005830,2.20
201506,A001040,0.54
201506,A000880,1.27
201506,A000150,5.14
201506,A005940,3.96
201506,A000720,1.75
201506,A034730,1.41
201506,A028260,0.36
201506,A006800,3.48
201506,A085620,1.09
201507,A032830,1.64
201507,A005930,1.67
201507,A005380,2.68
201507,A088350,2.44
201507,A066570,0.74
201507,A009540,
201507,A034020,4.13
201507,A000270,2.09
201507,A096770,3.69
201507,A000810,1.67
201507,A017670,4.64
201507,A003490,
201507,A034220,2.04
201507,A023530,0.86
201507,A000660,1.63
201507,A016360,2.40
201507,A004020,1.50
201507,A012330,1.42
201507,A005490,4.80
201507,A030200,1.77
201507,A005830,2.20
201507,A001040,0.54
201507,A000880,1.27
201507,A000150,5.14
201507,A005940,3.96
201507,A000720,1.75
201507,A034730,1.41
201507,A028260,0.36
201507,A006800,3.48
201507,A085620,1.09
201508,A032830,1.64
201508,A005930,1.67
201508,A005380,2.68
201508,A088350,2.44
201508,A066570,0.74
201508,A009540,
201508,A034020,4.13
201508,A000270,2.09
201508,A096770,3.69
201508,A000810,1.67
201508,A017670,4.64
201508,A003490,
201508,A034220,2.04
201508,A023530,0.86
201508,A000660,1.63
201508,A016360,2.40
201508,A004020,1.50
201508,A012330,1.42
201508,A005490,4.80
201508,A030200,1.77
201508,A005830,2.20
201508,A001040,0.54
201508,A000880,1.27
201508,A000150,5.14
201508,A005940,3.96
201508,A000720,1.75
201508,A034730,1.41
201508,A028260,0.36
201508,A006800,3.48
201508,A085620,1.09
201509,A032830,1.64
201509,A005930,1.67
201509,A005380,2.68
201509,A088350,2.44
201509,A066570,0.74
201509,A009540,
201509,A034020,4.13
201509,A000270,2.09
201509,A096770,3.69
201509,A000810,1.67
201509,A017670,4.64
201509,A003490,
201509,A034220,2.04
201509,A023530,0.86
201509,A000660,1.63
201509,A016360,2.40
201509,A004020,1.50
201509,A012330,1.42
201509,A005490,4.80
201509,A030200,1.77
201509,A005830,2.20
201509,A001040,0.54
201509,A000880,1.27
201509,A000150,5.14
201509,A005940,3.96
201509,A000720,1.75
201509,A034730,1.41
201509,A028260,0.36
201509,A006800,3.48
201509,A085620,1.09
201510,A032830,1.64
201510,A005930,1.67
201510,A005380,2.68
201510,A088350,2.44
201510,A066570,0.74
201510,A009540,
201510,A034020,4.13
201510,A000270,2.09
201510,A096770,3.69
201510,A000810,1.67
201510,A017670,4.64
201510,A003490,
201510,A034220,2.04
201510,A023530,0.86
201510,A000660,1.63
201510,A016360,2.40
201510,A004020,1.50
201510,A012330,1.42
201510,A005490,4.80
201510,A030200,1.77
201510,A005830,2.20
201510,A001040,0.54
201510,A000880,1.27
201510,A000150,5.14
201510,A005940,3.96
201510,A000720,1.75
201510,A034730,1.41
201510,A028260,0.36
201510,A006800,3.48
201510,A085620,1.09
201511,A032830,1.64
201511,A005930,1.67
201511,A005380,2.68
201511,A088350,2.44
201511,A066570,0.74
201511,A009540,
201511,A034020,4.13
201511,A000270,2.09
201511,A096770,3.69
201511,A000810,1.67
201511,A017670,4.64
201511,A003490,
201511,A034220,2.04
201511,A023530,0.86
201511,A000660,1.63
201511,A016360,2.40
201511,A004020,1.50
201511,A012330,1.42
201511,A005490,4.80
201511,A030200,1.77
201511,A005830,2.20
201511,A001040,0.54
201511,A000880,1.27
201511,A000150,5.14
201511,A005940,3.96
201511,A000720,1.75
201511,A034730,1.41
201511,A028260,0.36
201511,A006800,3.48
201511,A085620,1.09
201512,A032830,1.64
201512,A005930,1.67
201512,A005380,2.68
201512,A088350,2.44
201512,A066570,0.74
201512,A009540,
201512,A034020,4.13
201512,A000270,2.09
201512,A096770,3.69
201512,A000810,1.67
201512,A017670,4.64
201512,A003490,
201512,A034220,2.04
201512,A023530,0.86
201512,A000660,1.63
201512,A016360,2.40
201512,A004020,1.50
201512,A012330,1.42
201512,A005490,4.80
201512,A030200,1.77
201512,A005830,2.20
201512,A001040,0.54
201512,A000880,1.27
201512,A000150,5.14
201512,A005940,3.96
201512,A000720,1.75
201512,A034730,1.41
201512,A028260,0.36
201512,A006800,3.48
201512,A085620,1.09
